user_id,Total_Ratings,Average_Rating
12874,200,3.45
30944,200,4.21
12381,199,3.4271356783919598
28158,199,3.9396984924623117
52036,199,3.442211055276382
6630,197,3.5736040609137056
45554,197,4.030456852791878
7563,196,3.5
9668,196,3.8418367346938775
9806,196,3.63265306122449
